t_s,Tm_ELBOW,Tm_J1,Tm_J2,Tm_PITCH,Tm_ROLL,Tm_TWIST,Tm_YAW,P_ELBOW,P_J1,P_J2,P_PITCH,P_ROLL,P_TWIST,P_YAW,Ts_humerus_u,Ts_humerus_l,Ts_forearm_u,Ts_forearm_l,Ts_wrist,Ts_hand,T_amb
0.0,35.89537662686163,45.84248907386076,41.322498214371116,48.17547005998702,40.163376093347296,36.05860252805199,46.80589049273797,10.702698236031976,27.03054310040419,25.564862123131892,53.06221339877698,132.3428060821867,27.079746954664216,134.9761001061931,27.335282051282046,27.872700854700856,27.627914529914527,31.221965811965834,48.96143589743589,47.649333333333324,22.37252991452991
2.0,36.666738368055526,46.208703554222005,42.103394780624946,55.78045831727993,47.241310087676986,36.82263169487772,53.958354002467786,27.65314367317247,28.112745082753033,28.230979655021862,137.7713547502769,133.90091553738625,27.697050402280162,136.94246623577652,27.343846153846147,27.919179487179488,27.645205128205127,31.290128205128223,49.91853846153845,48.48976923076922,22.365743589743584
4.0,37.41632282845537,46.56965672804838,42.86232450845075,62.91598071844705,53.95828318570653,37.5643181934428,60.7069176035659,27.757995926991164,28.129800160886745,28.268501504334136,139.71947508142006,135.70534390693012,27.812557524870684,138.97606543960163,27.35304013377926,27.964522853957636,27.66217614269788,31.35492196209589,50.86122073578594,49.32626421404681,22.36051059085841
6.0,38.14413000806117,46.925348595339884,43.599287397848514,69.58203726348839,60.314295387435926,38.28366202374725,67.0515812960323,27.889878220125276,28.054498671153507,28.294970255705504,142.03895647595712,137.96277058683157,27.893839823181267,140.95380849682178,27.362863991081376,28.0087309550353,27.678827573392788,31.416347082868835,51.78948272017836,50.1588182831661,22.35683091787439
8.0,38.850159906872925,47.27577915609652,44.314283448818244,75.77862795240392,66.30934669286518,38.980663185791045,72.992345079867,27.913733955737058,28.294400808479462,28.342739254045497,144.34114647961272,140.32170031611219,27.869948889939124,142.53892574078543,27.3733177257525,28.05180379041248,27.695159420289855,31.474403567447055,52.70332441471571,50.987431438127075,22.35470457079152
10.0,39.53441252489064,47.620948410318285,45.007312661359954,81.50575278519369,71.94343710199426,39.6553216795742,78.52920895506999,27.9626432928316,28.385581381790196,28.395959409723925,146.3656173058061,142.37897466536455,27.98677657494785,144.61689843332604,27.384401337792635,28.09374136008918,27.71117168338907,31.529091415830553,53.60274581939798,51.81210367892975,22.354131549609804
12.0,40.1968878621143,47.96085635800518,45.67837503547362,86.76341176185767,77.21656661482321,40.307637505096714,83.66217292164127,28.04228367993773,28.333562611164385,28.38595459973225,148.38863621257772,144.35482775819725,28.188231454371106,146.95047760617987,27.396114827201774,28.134543664065397,27.72686436269045,31.58041062801933,54.487746934225186,52.63283500557412,22.355111854329238
14.0,40.83758591854392,48.29550299915721,46.32747057115927,91.55160488239584,82.12873523135201,40.93761066235858,88.39123697958085,28.13930581206204,28.481182181276733,28.60941330134204,150.3657005961404,146.63480656300408,28.16205148468245,148.84289778797717,27.408458193979925,28.174210702341128,27.74223745819398,31.628361204013384,55.35832775919731,53.44962541806019,22.357645484949824
16.0,41.456506694179495,48.624888333774365,46.95459926841687,95.87033214680824,86.67994295158066,41.54524115135981,92.71640112888872,28.193231173682136,28.548838304821402,28.84999787360389,152.59648897059242,148.69287873767297,28.17027114853308,151.0170451844701,27.42143143812708,28.21274247491638,27.757290969899664,31.672943143812713,56.214488294314364,54.262474916387944,22.36173244147156
18.0,42.05365018902103,48.94901236185665,47.559761127246446,99.71959355509483,90.87018977550916,42.13052897210039,96.6376653695649,28.155437043933762,28.342085123952558,28.818747094141294,154.88701690262175,150.55509856947694,28.26733418462797,153.20270035240986,27.435034559643245,28.250138981791146,27.772024897807505,31.714156447417317,57.05622853957635,55.071383500557396,22.36737272389445
20.0,42.62901640306851,49.267875083404064,48.14295614764799,103.09938910725566,94.69947570313752,42.693474124580334,100.15502970160935,28.391331730232224,28.32324385196701,29.008216247918302,156.898111579279,152.49683207216117,28.158409860272187,155.25353601054664,27.449267558528415,28.28640022296543,27.7864392419175,31.752001114827202,57.88354849498326,55.87635117056854,22.374566332218496
22.0,43.182605336321956,49.58147649841662,48.70418432962151,106.0097188032907,98.16780073446571,43.23407660879963,103.26849412502212,28.601158446576072,28.432565256175856,29.14399155888019,158.8945317571275,154.55463337960316,28.305175869018193,157.18141218822788,27.464130434782597,28.32152619843923,27.80053400222965,31.786477146042362,58.6964481605351,56.677377926421386,22.38331326644369
24.0,43.71441698878131,49.889816606894264,49.24344567316696,108.45058264319992,101.2751648694937,43.752336424758276,105.97805863980312,28.466075417297926,28.612677327451898,28.855038771138542,161.0499516706239,156.5294235011084,28.574975328554668,159.110133799163,27.479623188405775,28.355516908212536,27.814309178743937,31.81758454106277,59.494927536231835,57.47446376811589,22.393613526570025
26.0,44.241173493950825,50.21296023043096,49.775048426672846,111.0417029165433,105.0024480487205,44.26258493158181,109.07726240617032,28.563103947606173,28.540915696136828,28.831693789156567,162.96694703354612,158.39139767401366,28.53680424623916,161.12552898514062,27.50479227053138,28.39738164251205,27.83252173913041,31.855429951690795,60.49219323671492,58.478811594202845,22.420589371980657
28.0,44.733154046097184,50.52234165945801,50.271708896399126,112.93184041109943,108.12163494947407,44.73756934712357,111.53416954863633,28.57342548742097,28.47370203205532,29.04911529320675,164.74318977620615,159.99845112885944,28.55780285317331,163.20709456020913,27.530879227053113,28.435400966183547,27.842657004830894,31.887140096618324,61.438183574879176,59.450724637681105,22.451864734299498
30.0,45.1948766638511,50.81915509231772,50.7388759592379,114.15068098317012,110.61726587336776,45.18315281459866,113.35853538333542,28.5749874,28.4790366,29.103972799999998,95.8582274,162.0246876,28.6196278,164.8482388,27.55130434782606,28.470570048309153,27.85743961352654,31.911652173913012,62.32875362318835,60.373478260869504,22.480038647342976
32.0,45.62983182887861,51.10625838833914,51.18029947089397,114.71658776223302,112.46903959738114,45.602732564106624,114.55328279162589,28.599925600301702,28.52482964377809,29.138532791229295,0.0007584441175084079,164.34178761727662,28.628802120262268,96.86276726138242,27.571487922705284,28.501439613526543,27.869053140096593,31.931555555555526,63.153169082125544,61.24896618357482,22.50605797101447
34.0,46.04184818714358,51.385328968397005,51.599211616571424,114.65439541761849,113.66650574623198,45.9985580323852,115.12672678243935,28.652028634941935,28.459762745870968,29.17899415179355,0.01274747889032258,97.63767842098063,28.575445507496774,0.0170467728516129,27.590753623188377,28.52900483091785,27.88666666666664,31.94953623188403,63.90296618357482,62.05210628019317,22.524676328502395
36.0,46.43294113897211,51.654270362702945,51.998149040893296,114.00141825931064,114.21221903072708,46.37347315852154,115.09492012573665,28.57948838109091,28.672433628625452,29.294254690094547,0.019088536203636364,0.0,28.713121867403636,0.02769959703272727,27.605980676328475,28.551913043478233,27.89649275362316,31.956280193236683,64.56614492753617,62.77942028985501,22.534106280193214
38.0,46.804484122887956,51.915559560749266,52.378172307583576,112.8005728051225,114.11263616024922,46.72884738021693,114.48888184735486,28.69139994740828,28.653783398380316,29.39359446489678,0.0027837406925483314,0.0,28.80056308947194,0.004885436561729645,27.620048309178713,28.573768115942,27.904048309178716,31.95822222222219,65.13091787439608,63.41656038647337,22.54211594202896
40.0,47.159200475888134,52.170951046494736,52.74155045239838,111.11694640679794,113.39975592900527,47.06692959900375,113.35585970917552,28.83958268561192,28.580380721405216,29.353256253292592,0.0009860716167196745,4.139283832803254e-05,28.815679747249288,0.0002655713533121302,27.632183574879196,28.59347826086954,27.916057971014464,31.953352657004796,65.61251207729462,63.984637681159356,22.548028985507223
42.0,47.49824959144789,52.42096951060954,53.08975493938088,109.02889559007954,112.12027497475401,47.3896590246049,111.752581119227,28.86093958216561,28.690291676456248,29.378604187443788,0.006484780302171541,5.888661957992202e-05,28.67624463790445,0.000541113380420078,27.645265700483062,28.61249275362316,27.922386473429928,31.945758454106247,65.99290821256032,64.4583091787439,22.552473429951668
44.0,47.821841040299944,52.665699455002006,53.42329606796617,106.61781648485625,110.32344250958027,47.6971392960291,109.74357626718717,28.78152950652327,28.695567304928453,29.40947159173331,0.008899300773661882,4.2286571988846425e-05,28.712232654888624,0.0004731402840334607,27.653729468599003,28.627497584541036,27.92864734299514,31.933526570048276,66.28865700483085,64.82984541062795,22.556173913043455
46.0,48.13212353771792,52.902172909200004,53.74418718776448,103.98369324480541,108.08216479476827,47.99027682839196,107.41375042369762,28.831692352941175,28.754596274509804,29.447947843137257,0.00017588235294117646,5.8627450980392156e-05,28.856120392156864,0.0002586274509803921,27.664106280193206,28.64127536231881,27.938106280193207,31.92328502415456,66.50268599033811,65.12368115942023,22.559951690821233
48.0,48.430198663733826,53.130799576587,54.05363615534123,101.23675897175877,105.48313251383996,48.27063406357146,104.86239662128654,28.93782380435375,28.437125833513434,29.527315627271296,0.0016424924464959311,8.212462232479657e-05,28.843842080832985,0.02902574243600359,27.673275362318808,28.650608695652146,27.948125603864707,31.912106280193203,66.6451014492753,65.33869565217385,22.561072463768095
50.0,48.71632097342642,53.355009512806234,54.352748072045046,98.4940220705855,102.61575179498807,48.539248633293965,102.18878935379709,28.975043385325097,28.48332375320577,29.525452605633333,0.008492785674672779,0.00015761522948421906,28.759636773087067,0.04056112155689022,27.6805603864734,28.658376811594174,27.950067632850214,31.902019323671464,66.72604830917868,65.47125603864728,22.559246376811572
52.0,48.99141147491648,53.57444653017381,54.641220564372865,95.88879773015577,99.58079179287719,48.79648862698889,99.50058488930621,28.958774168188935,28.726095904038175,29.536488589792263,0.008431331865070309,0.0001,28.8061411347694,0.005062562124528505,27.688937198067606,28.665111111111084,27.949739130434754,31.892705314009632,66.75087922705308,65.54786473429947,22.560280193236693
54.0,49.25674902708988,53.78707776256181,54.9194130910636,93.56388572943669,96.49771377209072,49.04285347880596,96.92275251871473,29.308717907524834,28.99491711524124,29.518158961773384,0.0002251713927414602,5.827620241951327e-05,28.920578843331395,0.008436924800819602,27.69538164251205,28.67264734299514,27.950502415458914,31.88994202898548,66.73091787439607,65.54895652173907,22.55918840579708
56.0,49.513636617329325,53.996538239147746,55.1887131054351,91.59265878682426,93.49946558034989,49.279871480335515,94.59688317794259,29.38148120659084,29.30007957541759,29.518429196372196,0.00023519838764262136,0.0002472024185360679,29.06534841168657,0.006525228619343471,27.706618357487898,28.681710144927507,27.947275362318813,31.892299516908178,66.67485024154583,65.52011594202892,22.557082125603845
58.0,49.76181227383306,54.20126195860331,55.44874862687337,89.90505266776795,90.72501502999064,49.50723568583784,92.5970947032314,28.988899096335466,28.77129329108007,29.441753766171875,0.04567080950558494,0.0003460381306454961,29.099415756400994,0.013027983802416284,27.7173719806763,28.685816425120745,27.94707246376809,31.894695652173883,66.59465700483086,65.45851207729463,22.5538647342995
60.0,50.0019620604734,54.401239231066484,55.700532531920274,88.4117536500067,88.30273048622793,49.72605685410437,90.87579478359906,29.077514179894614,28.712719964420856,29.431576415467823,0.06255534858455775,0.0,29.010082408476798,0.009746454105667397,27.724811594202873,28.688135265700453,27.943603864734275,31.900396135265666,66.4970434782608,65.37455072463761,22.55309178743959
62.0,50.235147489359555,54.59733281416169,55.94517719984073,87.06703193559512,86.22714399483662,49.93805249036233,89.34371841084146,29.097580802827085,29.037128868506358,29.54778438847354,0.10442528552421122,0.0,29.38837472513303,0.04312940731285325,27.735758454106254,28.691835748792244,27.946328502415433,31.9089178743961,66.38569082125596,65.26736231884051,22.55231884057969
64.0,50.462005672997215,54.7899290871506,56.181865211187954,85.84387637062467,84.38107016360695,50.143386758829855,87.95654844843773,29.062348353463967,29.06875871868934,29.608139346810443,0.1595328144197965,0.00016508907692910988,29.506465268915306,0.08907541838413577,27.744937198067607,28.694086956521712,27.95026086956519,31.920888888888854,66.26829951690814,65.1462898550724,22.551545893719787
66.0,50.68236949610376,54.97528356554962,56.41083428021965,84.72390199429871,82.71380581798144,50.34251681770906,86.68969620004515,29.184293076433736,28.88670721884016,29.677444271395984,0.028996987527710846,0.0002725903421686747,29.146735533519678,0.04054367018152611,27.75307246376809,28.69450241545891,27.95165217391302,31.936840579710115,66.14185507246371,65.01129468599028,22.55077294685988
68.0,50.89648576066042,55.15334945602466,56.63247910634817,83.69292015908688,81.1902148565744,50.53589448247528,85.52111015430208,29.23400547519653,28.937247226366548,29.68310811835257,0.015140663833233151,5.8260015905531755e-05,29.080653275673694,0.0001834799681889365,27.763236714975818,28.693903381642485,27.952753623188375,31.955999999999968,66.00564251207723,64.86483091787433,22.54999999999998
70.0,51.10501934062744,55.32973866573692,56.847471390574455,82.73946272239115,79.78779259358629,50.72390121750547,84.43502450869762,29.208833215861983,29.105339736023975,29.776230259355508,0.007891645219222978,0.0004527763479481985,29.083287162937147,0.009643657362203732,27.774850241545867,28.69676328502413,27.9533719806763,31.979942028985477,65.85606763285017,64.7018743961352,22.549227053140072
72.0,51.316995594687604,55.50692153811818,57.06594145202201,81.85627578731803,78.49271880784916,50.915716212200806,83.42626968184933,29.167031168602993,28.980933117873047,29.818792207523177,0.010509090992789035,0.0006357142911945201,29.03574090942919,0.015444805283983554,27.787333333333308,28.70034782608693,27.956966183574853,32.00779710144924,65.69846376811589,64.52286956521732,22.54845410628017
74.0,51.518451657045226,55.67734543423691,57.27355667293475,80.93507572621596,77.15983795858048,51.0979019513967,82.38060205622375,29.197750073610962,29.018524970086343,29.866051248880236,0.00046989719526509033,0.0,29.078489284126032,0.0032844345739579967,27.79976923076923,28.70580267558528,27.95987068004458,32.03145484949832,65.5753779264214,64.38854515050164,22.54817614269787
76.0,51.71411054082725,55.84356512565022,57.47474430024531,80.08315035357916,75.92360016032696,51.27456587856878,81.4078774988962,29.21740655737705,29.142672131147542,29.840662295081966,0.024713114754098358,0.0,29.171347540983607,0.004470491803278689,27.812461538461537,28.711859531772568,27.96312263099218,32.05719732441471,65.44758193979932,64.24726421404678,22.54795763656632
78.0,51.90397224603371,56.00558061235815,57.66950433395374,79.3004996694077,74.78400541308864,51.44570799371705,80.5080960098667,29.314301542447737,29.027282762627966,29.780720516944516,0.03582468873998017,4.212618117043e-05,29.162022951615235,0.00585588660763872,27.825410256410255,28.71851839464882,27.966722036417675,32.08502452619843,65.3150758082497,64.0990267558528,22.54779858788553
80.0,52.0880367726646,56.16339189436069,57.85783677406003,78.58712367370158,73.74105371686551,51.61132829684153,79.68125758913529,29.325293620153726,29.097751964260393,29.87292034920157,0.0018316176188235295,0.00022279412705882354,29.187395097349018,0.00021813724862745096,27.83861538461538,28.72577926421404,27.970668896321055,32.11493645484949,65.17785953177255,63.94383277591969,22.547698996655505
82.0,52.26630412071993,56.31699897165785,58.0397416205642,77.94302236646081,72.79474507165759,51.771426787942204,78.92736223670194,29.213212023627115,29.007115937505745,29.947491745428287,0.03280840701103513,0.0007644931402304835,29.183228833841138,0.02026862042608675,27.852076923076915,28.73364214046822,27.974963210702327,32.14693311036788,65.03593311036788,63.78168227424745,22.547658862876244
84.0,52.43877429019969,56.46640184424963,58.21521887346624,77.36819574768536,71.94507947746487,51.926003467019086,78.24640995256667,29.213867068841157,28.950872676152052,29.933548219131886,0.053910627374496166,0.0007995488882350232,29.23782085079512,0.02929809589900845,27.86579487179486,28.742107023411364,27.979604979561486,32.18101449275362,64.88929654403564,63.61257525083607,22.54767818654774
86.0,52.60544728110388,56.61160051213603,58.38426853276614,76.86264381737527,71.19205693428736,52.07505833407216,77.63840073672945,29.20704262734075,29.163668706475825,29.90204553775538,0.011018405309907664,0.00022592778180479243,29.310859478252965,0.0010037111272191697,27.87976923076922,28.75117391304347,27.984594202898535,32.21718060200668,64.7379498327759,63.436511705685575,22.54775696767
88.0,52.766323093432504,56.752594975317045,58.54689059846392,76.42636657553051,70.53567744212505,52.21859138910144,77.10333458919031,29.32478720902047,29.361779840932282,29.79531958830866,0.026785238223622047,0.0037188978897637797,29.28140910053543,0.0013266239874015746,27.893999999999988,28.76084280936454,27.989930880713473,32.25543143812708,64.58189297658859,63.253491638795936,22.54789520624302
90.0,52.92140172718557,56.88938523379267,58.70308507055957,76.05936402215109,69.97594100097794,52.35660263210693,76.64121150994924,29.34861218196063,29.488169184892154,29.895426244611492,0.03847614177616947,0.005065431425596334,29.269893046507658,0.0025290355570981972,27.908487179487164,28.771113712374575,27.995615013006304,32.29576700111482,64.42112597547376,63.063515050167176,22.548092902266806
92.0,53.070683182363055,57.02197128756293,58.85285194905308,75.761636157237,69.51284761084604,52.489092063088606,76.25203149900625,29.29380892281349,29.195213483848516,29.89852390786155,0.013887819788301455,0.00017353383203934621,29.340204410745688,0.002934385923309322,27.923230769230752,28.78198662207357,28.001646599777022,32.33818729096989,64.2556488294314,62.86658193979928,22.54835005574135
94.0,53.21416745896498,57.15035313662779,58.996191233944465,75.53318298078827,69.14639727172933,52.61605968204649,75.93579455636132,29.355933533578852,29.18982939260567,29.900202674601196,0.02299379529630581,0.0,29.319667060401628,0.001349630873472981,27.93823076923075,28.793461538461532,28.008025641025625,32.3826923076923,64.08546153846149,62.662692307692254,22.54866666666666
96.0,53.35185455699134,57.27453078098728,59.133102925233715,75.37400449280486,68.87658998362782,52.737505488980574,75.69250068201447,17.35604882395666,17.222901840344004,17.763815151597015,0.007616834095801626,0.0,17.31076113596069,0.001830401992014344,27.953487179487155,28.805538461538458,28.014752136752122,32.429282051282044,63.910564102564045,62.4518461538461,22.549042735042725
