t_s,Tm_HIP_X,Tm_HIP_Y,Tm_SHIN_ANKLE,Tm_SHIN_KNEE,Tm_SPN_X,Tm_SPN_Z,Tm_TALUS,Tm_THIGH_U,P_HIP_X,P_HIP_Y,P_SHIN_ANKLE,P_SHIN_KNEE,P_SPN_X,P_SPN_Z,P_TALUS,P_THIGH_U,Ts_spine,Ts_pelvis,Ts_hip,Ts_thigh_u,Ts_thigh_l,Ts_shin,Ts_ankle,T_amb,T_torso
0.0,60.60629222073074,62.319110664998846,51.49793964240041,50.68227931957001,56.67269403756079,53.98509387863753,41.29225858934556,55.40767246828739,5.488493836953402,14.84958798792814,10.779537828376197,7.1574394980741145,0.8877831767462103,2.204186623357099,1.6300169266569313,7.0843034516934384,49.794905982906,48.22917094017093,49.2917606837607,34.519247863247855,38.67523931623934,31.092829059829064,36.67037606837608,23.02588034188034,23.02588034188034
2.0,60.6648500349784,62.4442298211136,51.613214516820605,50.741599264654845,56.69186719620026,54.03104288030535,41.318172016190374,55.48299389035281,5.517563035430935,15.011725379572404,10.770659735844331,7.1088170793803265,0.886221328232003,2.1753223781004674,1.6293097926131601,7.119938058272092,49.800756410256426,48.18720512820512,49.247820512820525,34.51908974358974,38.67071794871797,31.096256410256416,36.66816666666668,23.02802564102564,23.02802564102564
4.0,60.72253617156431,62.567402052883374,51.726411821620594,50.80003570181652,56.71028322564083,54.07571774026229,41.3433659834438,55.55741523061857,5.455748132193868,14.978611196081989,10.684627575367728,7.098367696800166,0.8806733449898925,2.170364758190216,1.658497809587984,7.0074396199451146,49.80648606465999,48.149080824972124,49.20580992196211,34.51852564102563,38.66515328874027,31.099521181716838,36.6663065774805,23.030153288740244,23.030153288740244
6.0,60.779350630488466,62.688627360308175,51.83753155680038,50.85758863105504,56.72794212588248,54.11911845850836,41.36784049110585,55.63093648908467,5.452799201425825,15.037602749941083,10.739194506485866,7.137485564145578,0.8812487512328471,2.179351099233496,1.6467748751232847,7.0388656856829135,49.8120949461167,48.11479803047194,49.16572891118545,34.517555555555546,38.658545336306226,31.102623374210335,36.664795800817544,23.032263285024154,23.032263285024154
8.0,60.835293411750875,62.80790574338799,51.94657372235996,50.914258052370386,56.744843896925225,54.16124503504355,41.39159553917652,55.7035576657511,5.541642143742791,15.182595268609125,10.799383293962958,7.114823241481041,0.8858357852516161,2.2163154613279747,1.649009675702254,7.16921631012441,49.817583054626546,48.084356744704564,49.12757748049054,34.51617948717948,38.65089409141585,31.105562987736903,36.663634336677816,23.034355629877368,23.034355629877368
10.0,60.89036451535153,62.92523720212284,52.053538318299324,50.97004396576258,56.760988538769055,54.202097469867866,41.4146311276558,55.77527876061787,5.5125434370749025,15.003004073437637,10.738900905241257,7.172509503701059,0.8967690045898523,2.206763348090123,1.6618914030203369,7.123116289014098,49.82295039018953,48.05775696767,49.09135562987738,34.51439743589743,38.64219955406914,31.108340022296545,36.662822185061316,23.036430323299886,23.036430323299886
12.0,60.944563941290426,63.0406217365127,52.15842534461849,51.02494637123161,56.776376051413976,54.2416757629813,41.4369472565437,55.84609977368498,5.456323629411055,15.05093494519737,10.74968898304198,7.207763110325783,0.8978642821318902,2.1766357674984156,1.673025124598995,7.13671316100255,49.828196952805655,48.03499869936826,49.057063359345975,34.5122094017094,38.632461724266086,31.110954477889262,36.66235934596804,23.038487365291708,23.038487365291708
14.0,60.99789168956758,63.15405934655758,52.26123480131745,51.078965268777466,56.79100643485999,54.279979914383865,41.45854392584021,55.91602070495244,5.479082747286922,15.025227114932797,10.778533800524748,7.177896478235815,0.8891228878100603,2.1649544006052315,1.6607816908490944,7.163631692220523,49.83332274247493,48.01608193979932,49.02470066889633,34.50961538461538,38.621680602006705,31.113406354515053,36.66224581939799,23.040526755852838,23.040526755852838
16.0,61.05034776018298,63.26555003225749,52.36196668839621,51.13210065840017,56.80487968910708,54.31700992407555,41.47942113554534,55.98504155442023,5.487904522594386,15.001643707753159,10.776956692834,7.1873410743139585,0.8826610390353523,2.1948709331995326,1.656403778310372,7.105342667573381,49.83832775919733,48.0010066889632,48.994267558528435,34.50661538461538,38.60985618729098,31.115695652173915,36.66248160535117,23.042548494983272,23.042548494983272
18.0,61.10193215313662,63.375093793612415,52.460621005854755,51.18435254009971,56.817995814155275,54.35276579205636,41.49957888565908,56.053162322088355,5.475631969802893,15.007802921478174,10.69199084924741,7.135433900088555,0.8975697412740542,2.2094441621231202,1.675510538422105,7.1188745619087435,49.84321200297288,47.989772946859894,48.96576402824229,34.50320940170939,38.596988480118924,31.117822370865852,36.66306670382757,23.04455258268301,23.04455258268301
20.0,61.15264486842852,63.482690630622365,52.557197753693096,51.235720913876094,56.83035481000455,54.3872475183263,41.51901717618144,56.12038300795682,5.410921309122393,15.05516665863122,10.717189643053405,7.159975636385976,0.906722223059248,2.1953627097891357,1.670195739983497,7.122843841849414,49.84797547380156,47.9823807134894,48.9391900780379,34.49939743589743,38.58307748049053,31.11978651059086,36.664001114827194,23.046539018952057,23.046539018952057
22.0,61.20248590605866,63.58834054328734,52.65169693191123,51.28620577972931,56.84195667665492,54.420455102885356,41.53773600711242,56.18670361202562,5.468165666424082,15.09551552791661,10.800298806403108,7.2319411995473,0.8897583090090864,2.1930052732691916,1.6157307490662367,7.117942182434527,49.85261817168339,47.97882998885172,48.91454570791527,34.49517948717948,38.5681231884058,31.121588071348942,36.66528483835005,23.048507803790404,23.048507803790404
24.0,61.251455266027,63.69204353160728,52.74411854050911,51.335807137659316,56.85280141410634,54.452388545733506,41.555735378451985,56.252124134294725,5.4464225645999775,15.044826862275077,10.848397847166853,7.117705403584819,0.8946683837576905,2.1987832416181456,1.611964080755127,7.193472987403366,49.857140096618295,47.97912077294681,48.891830917874344,34.49055555555552,38.55212560386469,31.123227053140067,36.6669178743961,23.05045893719804,23.05045893719804
26.0,61.30238912470578,63.80412479898576,52.837011492694295,51.3803068994933,56.86236189260741,54.48123174212751,41.570413749049095,56.31599994285359,5.399761612130383,15.085778873986317,10.842938034504627,7.158486965723943,0.8974213040676056,2.1948984158004023,1.6693475351307847,7.155443661830181,49.86398067632844,47.98088405797096,48.867884057970954,34.485628019323634,38.53685507246372,31.128507246376778,36.673260869565176,23.055956521739105,23.055956521739105
28.0,61.35219569421127,63.91124979866673,52.93440961728634,51.42694594114996,56.872539423535805,54.50708017806393,41.58618652753833,56.38848610332488,5.545509040834783,15.032805437773913,10.748430779130434,7.212589332313043,0.8850158836173914,2.1926481716869564,1.6652056328347826,7.147854990886957,49.87108695652168,47.99371497584536,48.84658937198062,34.48192270531398,38.52126086956517,31.131695652173878,36.681429951690774,23.060898550724616,23.060898550724616
30.0,61.401085237131085,64.01359896164351,53.025721182192854,51.47613115409245,56.87298709474524,54.53013639276766,41.60542815704309,56.460313406898834,5.4676558656129295,15.03890181341091,10.775270707135354,7.184886864743435,0.9084466154408081,2.20572951954101,1.6528803538876768,7.167369290304647,49.875265700483034,48.01807246376806,48.828502415458885,34.47790338164248,38.503830917874346,31.13401449275359,36.68664734299513,23.065318840579685,23.065318840579685
32.0,61.44330407060839,64.10756878115461,53.104831642212375,51.52606784908295,56.874864683529964,54.55538820600342,41.625220402655174,56.52339756360177,5.419222802766534,15.13082848563506,10.81522858252749,7.255629880529084,0.9082441992159362,2.220631772685259,1.6465418824669324,7.256782466932271,49.876275362318786,48.04598550724633,48.81127536231878,34.472652173913005,38.48427536231879,31.13546376811591,36.68891304347822,23.070439613526545,23.070439613526545
34.0,61.477871912592455,64.19947046189981,53.18516209899553,51.57571510601256,56.87941772942284,54.58159890328025,41.64100144434679,56.588192217761836,5.55415368470652,15.079668069033518,10.842362104682067,7.2678943862210135,0.8983678949021734,2.1983321047513606,1.656579298439311,7.245629472339679,49.87682608695647,48.071178743961305,48.79443478260865,34.46585507246373,38.46230434782604,31.13604347826083,36.68995652173909,23.076879227053116,23.076879227053116
36.0,61.52384347837621,64.29382962994694,53.266084561815,51.61623156635443,56.89278977480358,54.61576076258057,41.65104859831685,56.651589968863235,5.525434909050423,15.047921798378761,10.797214563398107,7.242414710716197,0.9008669071959869,2.1680074068517596,1.667532518534143,7.083715407751143,49.87962801932362,48.10234299516903,48.77811111111106,34.459024154589336,38.43823188405793,31.135753623188368,36.69145893719803,23.08225603864732,23.08225603864732
38.0,61.57039666731283,64.37786597368111,53.334784067908224,51.656474698783434,56.904107430964494,54.64543097066641,41.663427002276684,56.704097570021,5.466665810587537,15.119298290540318,10.753844446170561,7.177237607019008,0.8902918802306086,2.20009700751564,1.6627299145598364,7.006034187443232,49.8832173913043,48.13607246376806,48.76238647342989,34.4506714975845,38.414801932367105,31.134594202898512,36.6932753623188,23.084188405797075,23.084188405797075
40.0,61.60349174375701,64.4526807946985,53.40846950387049,51.702222265940165,56.914760638892794,54.668085532819255,41.67960335941897,56.74969921225702,5.443700897445706,15.130126287145268,10.790209797981323,7.187754523255317,0.8858625434758635,2.2225542975441654,1.6641620190660515,7.075099052096322,49.8867826086956,48.161739130434725,48.74786473429946,34.441135265700446,38.38688405797097,31.133787439613492,36.69221256038644,23.08267632850239,23.08267632850239
42.0,61.63936798537221,64.52941255594784,53.48265123123813,51.74180420493199,56.92311872422122,54.6854966828207,41.69371259381858,56.797784695321084,5.415111958682959,15.137228614075722,10.827444468453605,7.181645371445871,0.881122636584768,2.2103066783789758,1.6705628315545666,7.157504352742632,49.891956521739075,48.18074879227048,48.73444927536226,34.4319758454106,38.35652173913039,31.132777777777747,36.69107729468595,23.076449275362293,23.076449275362293
44.0,61.68118961605091,64.6040824675705,53.54547300191513,51.78151491096497,56.92442831008208,54.708274612931014,41.709017979049094,56.84793083585996,5.51564228236888,15.175865010950194,10.728064862927567,7.199613447330194,0.8777638465250193,2.218565880670463,1.6756120595307336,7.185168833430271,49.8979903381642,48.19625603864729,48.721946859903326,34.42235748792267,38.327487922705274,31.12983574879224,36.69267632850237,23.067806763284995,23.067806763284995
46.0,61.71724647718783,64.67738332067454,53.60992536943549,51.81988648951659,56.92819076875615,54.732490826930544,41.724970305087034,56.89776689299585,5.483956506180645,15.185389369096773,10.757317388864516,7.225986092748387,0.8721632048258064,2.2097477836903225,1.6572538825419356,7.195364768425806,49.903565217391254,48.2089710144927,48.70824154589366,34.413270531400926,38.29868115942025,31.126884057970983,36.69686473429948,23.059048309178717,23.059048309178717
48.0,61.75464258774037,64.74816745787271,53.67667697681055,51.8552529058545,56.93563475530036,54.747705353062074,41.7407201267378,56.9428179195573,5.446079411319923,15.088769691180518,10.751690329133579,7.1754255231633435,0.8719329264005058,2.165913210583495,1.6432740776119052,7.2107720835045,49.90796618357483,48.2177439613526,48.690468599033764,34.4032753623188,38.27077777777774,31.122845410627985,36.699323671497545,23.05072946859901,23.05072946859901
50.0,61.78420042732042,64.81545819397198,53.74210598350171,51.88758357356951,56.952645070014924,54.7728843098194,41.75422631106234,56.982143830625006,5.520323134244746,15.07346429616928,10.749983775421489,7.175094392203243,0.8713612164267633,2.155253354753408,1.6616461692430324,7.2446557835611864,49.91104830917869,48.22439130434777,48.66984057971009,34.39088405797098,38.2450096618357,31.11603864734296,36.698734299516865,23.04410628019321,23.04410628019321
52.0,61.81074137032801,64.87837207503912,53.798460145227644,51.91580908676423,56.96821347390403,54.80312956727494,41.768330918116455,57.02265694969763,5.527300798210598,15.047860899474523,10.812586364114555,7.127105572598166,0.8904624385695483,2.1693299009674765,1.6633634825019532,7.139327970205164,49.912618357487865,48.23072946859898,48.646251207729414,34.374512077294646,38.22195652173909,31.106560386473397,36.69795169082121,23.038705314009636,23.038705314009636
54.0,61.84028520185744,64.9362131385461,53.85384880806701,51.947432158650635,56.98053107258001,54.82695737950775,41.780066875277434,57.05973957964208,5.485708844683652,15.020877786688462,10.845746635118205,7.214639290388629,0.8846959292529252,2.1810358279180972,1.6650344723402952,6.990143718082012,49.91303864734294,48.23743478260864,48.62075362318836,34.35913043478257,38.20337198067629,31.096888888888856,36.698608695652126,23.035323671497558,23.035323671497558
56.0,61.875492016329254,64.98875421304778,53.90937289735784,51.98345922404949,56.98320995620168,54.839944194313205,41.794210466722596,57.09522075617512,5.485716823087047,15.152726470859578,10.780951670205727,7.279735149884245,0.8881158542754677,2.1945446008719034,1.6586265314381772,6.9927758098724,49.91567149758448,48.24466183574874,48.59560869565212,34.34909178743957,38.190391304347784,31.089502415458902,36.69994202898547,23.031758454106257,23.031758454106257
58.0,61.912703218721845,65.0437538720084,53.95966595938897,52.01511194130997,56.98204208991966,54.85486173475117,41.808591466509796,57.13460645107239,5.54463263087888,15.178149785531447,10.795645734915134,7.169809518582257,0.8872672140670146,2.186867686959077,1.6621739896099974,7.0729084603724255,49.91965700483086,48.24775362318836,48.57190338164246,34.3421449275362,38.182927536231844,31.08327536231881,36.70118840579706,23.026376811594176,23.026376811594176
60.0,61.94700059588456,65.10125933849041,54.008670171974096,52.04648303903213,56.985474064317344,54.8691234923942,41.81965523089191,57.17520040367504,5.6110216774456605,15.05213390599379,10.901762604980707,7.129063821051973,0.878298636706083,2.200798711513973,1.6662003040178162,7.16999459510084,49.92230917874391,48.249893719806714,48.55077294685985,34.3384830917874,38.179637681159384,31.078304347826055,36.70520289855069,23.019893719806735,23.019893719806735
62.0,61.97952144518603,65.15362162000487,54.05488488152117,52.07918960214522,56.991910982159894,54.88141546442452,41.83045372807769,57.208243176134054,5.601995627693516,15.062792289571709,10.919687668897446,7.1120577607418465,0.8769962689697446,2.199500392908448,1.6594539793980352,7.1097987709611,49.92633816425115,48.250647342995116,48.53340096618352,34.33647342995165,38.17787439613522,31.074685990338136,36.711236714975804,23.01296135265698,23.01296135265698
64.0,62.00441591375964,65.20575028763632,54.09987654652804,52.104436344663846,57.00424765097428,54.9024225642952,41.83761570106734,57.24149606818148,5.537510158297435,15.054858253333883,10.852473184568181,7.122018232567852,0.903480447049545,2.193260055975454,1.6513863387414032,7.090947739925867,49.93140579710139,48.247183574879166,48.51979710144922,34.33565700483088,38.17849758454102,31.07251690821253,36.71614492753619,23.00861352657002,23.00861352657002
66.0,62.03075080545452,65.25669545402435,54.146317149192264,52.127947794116494,57.01652122705132,54.9221861465471,41.84429982056754,57.279186862664226,5.50796100184513,15.128201900330573,10.818994574381962,7.128284924326267,0.9021180394978437,2.195068240309917,1.6350173850125755,7.1344959763744145,49.937173913043424,48.24576811594198,48.5099710144927,34.33735265700479,38.18347826086953,31.07189371980673,36.72221256038644,23.007454106280164,23.007454106280164
68.0,62.05372950554467,65.30867858751034,54.19035354464885,52.14961654144691,57.026430867344025,54.934543819032484,41.85220685481726,57.314534222740285,5.51517624857476,15.258582040405546,10.797030422084738,7.133736113889609,0.9056712949242031,2.1968763486006737,1.66970765486525,7.172201470957502,49.945130434782556,48.24671497584536,48.50632850241541,34.33983091787436,38.19291304347822,31.072913043478227,36.73172463768112,23.008260869565188,23.008260869565188
70.0,62.07817546561905,65.35975476452512,54.23143375833483,52.17296158460394,57.03232311351226,54.94310532005458,41.86031211952236,57.346751580950546,5.538421065543288,15.198864899511543,10.785222684359052,7.09030803251382,0.8954621058042983,2.179171922609356,1.677642116085966,7.115194096635175,49.95254106280188,48.24803864734294,48.507623188405745,34.343758454106236,38.20259420289851,31.07384541062799,36.7397101449275,23.010985507246353,23.010985507246353
72.0,62.10553459644696,65.40798843396922,54.27469171894623,52.196867794624076,57.04251046831666,54.954122996259244,41.865443698193964,57.3775634699706,5.502310110295366,15.143154632055431,10.712772406929512,7.133614024441911,0.8904755882199488,2.1747939908837335,1.6644103149928193,7.091639960691116,49.95967149758448,48.24719806763279,48.51195652173907,34.34857971014489,38.21304347826083,31.07413526570045,36.744768115941994,23.015545893719782,23.015545893719782
74.0,62.14166650144592,65.45370208431807,54.31909541969523,52.22699158768881,57.04515449910477,54.95848525619145,41.865808926806594,57.4072576439808,5.3977779232237895,15.079007891333761,10.826847654435316,7.26185969013005,0.8963735016424534,2.1925326426065044,1.6604653847998156,7.190264286467818,49.96796135265695,48.24954106280188,48.5179516908212,34.35434299516904,38.22589371980672,31.07500483091784,36.750879227053105,23.020033816425098,23.020033816425098
76.0,62.17260377512791,65.49911134727205,54.35977005879992,52.253580197533076,57.04822167182611,54.9639989021053,41.862605768535936,57.435295920011285,5.532980327969966,15.055816688466303,11.002326977937074,7.193526976703491,0.8990149782832383,2.220143591752603,1.6851727271605836,7.1775378584461125,49.977024154589316,48.25689371980671,48.52230917874391,34.36231884057967,38.24090338164247,31.076454106280163,36.75657971014489,23.023748792270506,23.023748792270506
78.0,62.20004051693553,65.5481324334485,54.40052472429917,52.28102069863715,57.05094617017437,54.9721462652205,41.86109722717887,57.46188932177763,5.490151622919792,15.190463469515274,10.870739529318206,7.165873164584849,0.8808718391419279,2.2030331079974608,1.695886007226339,7.1114277385412175,49.98769565217386,48.2651787439613,48.524014492753565,34.37077777777774,38.25717874396131,31.078483091787408,36.75980193236711,23.03024637681157,23.03024637681157
80.0,62.219168962613814,65.58579619211716,54.440562056869645,52.30630073174767,57.06456340859314,54.98810936063932,41.86381312617535,57.48652905558677,5.397640368522169,15.26637023607579,10.817851024934834,7.197819558937243,0.8926142825456157,2.1903504255183455,1.689149874189899,7.167235665639678,50.00085990338159,48.27587439613521,48.523734299516846,34.379212560386435,38.274999999999956,31.082314009661804,36.76452657004827,23.040130434782583,23.040130434782583
82.0,62.237793980478735,65.6255632976261,54.479468007710736,52.3290150713527,57.08096241759812,55.00032042299201,41.86160052905674,57.515180031012775,5.420852173681972,15.19802086357672,10.827903650926146,7.1474529772581334,0.892661906355997,2.1969516259073014,1.67909904909898,7.095270685452464,50.013830917874344,48.29366666666661,48.52326086956516,34.38651207729465,38.2928212560386,31.086169082125572,36.76933816425117,23.049845410627995,23.049845410627995
84.0,62.266396626836624,65.6690260345983,54.51370651988646,52.34823165396898,57.0901953563951,55.01463469959762,41.85456348516409,57.54270011294046,5.518551054740563,15.03730768255743,10.849772591678716,7.086142020202409,0.8910748481799197,2.190560015235341,1.6544474430586344,7.127433882718072,50.026971014492695,48.31081642512072,48.523164251207675,34.390946859903345,38.306652173912994,31.090096618357453,36.77347342995165,23.057057971014466,23.057057971014466
86.0,62.293130480566894,65.705804852969,54.54893530655486,52.368775755479845,57.09409140989732,55.02595405592797,41.85078919514728,57.565769873190106,5.487353367536467,15.098983287617223,10.825789276817215,7.130682789381196,0.9022609730413478,2.1885379051870455,1.6283628414264448,7.132040899787041,50.03943478260864,48.31306280193231,48.52466666666661,34.392565217391265,38.319106280193196,31.0941449275362,36.77739130434779,23.061212560386448,23.061212560386448
88.0,62.31158603207955,65.74271388652843,54.584492443469486,52.39276712826927,57.09858272020508,55.03431975804079,41.84795316290944,57.58792520337661,5.41661355808741,15.178800852035591,10.803859180282647,7.185266335066211,0.888836693302277,2.186065983120649,1.669341520919131,7.150719156944259,50.049154589371916,48.3023671497584,48.52786473429946,34.39381159420286,38.33097101449272,31.097140096618325,36.78094685990334,23.06475362318838,23.06475362318838
90.0,62.32688443557343,65.77528682502758,54.6155475855642,52.41179713172523,57.10484139821191,55.04671724145655,41.84433222260428,57.61632287880836,5.439924603686656,15.09555863081113,10.786789593414639,7.1538852371630535,0.8825461489610037,2.1894821651119267,1.6645614805174913,7.2698954471189055,50.05704830917868,48.281149758454056,48.529903381642455,34.39290821256034,38.34308212560382,31.09785990338161,36.78582125603861,23.067729468599012,23.067729468599012
92.0,62.34911925724234,65.80958382158101,54.64979411854924,52.431026897776974,57.109699167028886,55.06458410714627,41.840419686262365,57.644631389825406,5.488767993557756,15.097257057139664,10.801135785369166,7.191301889463461,0.8784061628445217,2.182097316592899,1.6625873758647953,7.183439962572082,50.06338164251203,48.25543478260864,48.53219806763279,34.38807729468595,38.355149758454054,31.09742995169079,36.790695652173866,23.072062801932343,23.072062801932343
94.0,62.36890789843899,65.85221725665312,54.690591521970234,52.44303038583502,57.12451052802156,55.08149338351576,41.83563453413602,57.669917788292565,5.489221814907771,15.149606268535138,10.809954888849166,7.183852385490049,0.8951730584774558,2.149969548300526,1.6637631588551167,7.079184965653014,50.0683864734299,48.225280193236664,48.5343864734299,34.382367149758416,38.36393236714971,31.098149758454074,36.79364734299513,23.075516908212535,23.075516908212535
96.0,62.38813083664142,65.88790295858554,54.72446239214378,52.45824180718867,57.13205288281881,55.094144676267526,41.83316840993326,57.693454017013174,5.567914103299598,15.174929065677109,10.770685939328514,7.21407705655261,0.9057141064995984,2.1857368506345383,1.6535477393349398,7.116080823261044,50.07437904124859,48.20081326644368,48.53080211817167,34.378552396878476,38.368356744704556,31.09935841694538,36.79621181716833,23.072295429208467,23.072295429208467
98.0,62.40679991745154,65.92278053655053,54.75757906696945,52.47242758494112,57.13950962500827,55.106711551049365,41.83076575979223,57.71623782357803,5.493734345792636,15.172608312430068,10.782404776686851,7.177070134525502,0.8906012198354235,2.22652453992319,1.6509551512891045,7.103918716006574,50.07958751393532,48.17302787068003,48.52624136008917,34.373685061315484,38.37116833890745,31.100292084726874,36.798251393533995,23.067169453734664,23.067169453734664
100.0,62.424915140869416,65.95684999054812,54.78994154644729,52.48558771909242,57.146880754589986,55.11919400786134,41.828426583712954,57.73826920798717,5.518026675689575,15.159130192801136,10.88077312194973,7.18304082111556,0.8740610826951949,2.199792377310644,1.694039217122678,7.10797622689356,50.084011891490135,48.141924005945725,48.52070419918245,34.36776514306948,38.37236714975844,31.100950761798593,36.79976607209215,23.060138981791145,23.060138981791145
102.0,62.44247650689505,65.99011132057831,54.82154983057729,52.49772220964256,57.15416627156396,55.131592046703446,41.82615088169544,57.759548170240606,5.572401999999999,15.157664,10.905878,7.1779340000000005,0.882028,2.187088,1.685416,7.169752,50.08765217391302,48.10750167224079,48.51419063545149,34.36079264214045,38.3719531772575,31.10133444816054,36.8007558528428,23.051204013377912,23.051204013377912
104.0,62.459484015528425,66.0225645266411,54.85240391935947,52.508831056591546,57.16136617593019,55.14390566757568,41.82393865373969,57.78007471033833,5.488323633351583,15.241793291158924,10.929461740471883,7.078284725055094,0.8825511768116551,2.193989885487107,1.6573889332491194,7.186046318503237,50.09050836120399,48.0697608695652,48.50670066889631,34.352767558528406,38.369926421404664,31.101443143812713,36.80122073578595,23.040364548494967,23.040364548494967
106.0,62.47593766676955,66.0542096087365,54.8825038127938,52.51891425993937,57.16848046768868,55.15613487047805,41.82178989984569,57.799848828280346,5.398331237746168,15.2138264182444,10.825806678884087,7.049718914099803,0.8731844048345776,2.193884256188605,1.6392238694475443,7.18293762573831,50.092580453363034,48.02870159791897,48.498234299516895,34.34368989223335,38.3662868821999,31.101276848755113,36.80116072092158,23.02762058714231,23.02762058714231
108.0,62.491837460618434,66.0850465668645,54.91184951088031,52.52797181968604,57.175509146839424,55.16827965541055,41.819704620013454,57.818870524066654,5.42104502400833,15.166452683047181,10.81302511502358,7.174376877882123,0.8790772598304519,2.161838897780863,1.6491056673876658,7.233533384176142,50.09386845039016,47.984323857302094,48.48879152731325,34.33355964325527,38.36103455964323,31.10083556298774,36.80057580824971,23.012972129319934,23.012972129319934
110.0,62.50718339707507,66.11507540102512,54.94044101361898,52.53600373583155,57.182452213382426,55.18034002237319,41.81768281424298,57.837139797697255,5.441969108910891,15.17898297029703,10.904679207920791,7.257942376237623,0.8913280198019802,2.1935825742574258,1.6818463366336633,7.260716237623762,50.09437235228536,47.93662764771458,48.47837235228538,34.322376811594175,38.35416945373464,31.100119286510594,36.79946599777034,22.996419175027842,22.996419175027842
112.0,62.52197547613945,66.14429611121832,54.96827832100981,52.5430100083759,57.18930966731768,55.19231597136596,41.81572448253426,57.85465664917215,5.431620814628322,15.110092309149678,11.006341175895946,7.243876921528468,0.8754945704766478,2.2109592756885843,1.661761990524267,7.258735292567852,50.09409215904865,47.885612969156426,48.46697677443328,34.310141397250064,38.345691564474144,31.099128019323672,36.797831289483454,22.97796172426604,22.97796172426604
114.0,62.53621369781159,66.17270869744415,54.99536143305282,52.54899063731909,57.1960815086452,55.204207502388854,41.81382962488729,57.87142107849133,5.491345846496363,15.207949449869105,10.944850950505645,7.165230129993666,0.8905389639662726,2.198909559587776,1.657771221399241,7.195315215265492,50.09302787068001,47.831279821627625,48.45460479375695,34.29685340022293,38.33560089186173,31.09786176142698,36.79567168338907,22.957599777034524,22.957599777034524
116.0,62.54989806209148,66.20031315970257,55.021690349747985,52.55394562266113,57.20276773736497,55.216014615441885,41.81199824130209,57.8874330856548,5.5316462799221595,15.1863733386263,10.865235046850689,7.124229904637115,0.8932562406875677,2.200987343962042,1.6800833250556158,7.162665850465823,50.091179487179446,47.77362820512818,48.44125641025639,34.282512820512785,38.3238974358974,31.096320512820512,36.79298717948718,22.935333333333293,22.935333333333293
118.0,62.56302856897912,66.2271094979936,55.047265071095325,52.55787496440201,57.209368353477004,55.22773731052505,41.81023033177865,57.90269267066257,5.491348028640302,15.166558072032492,10.874000605044413,7.106346132911157,0.8865672229458301,2.203759236666305,1.6703814762470224,7.112084723203684,50.08854700854697,47.712658119658094,48.42693162393161,34.26711965811962,38.31058119658116,31.094504273504274,36.78977777777777,22.911162393162346,22.911162393162346
